code,category,source_sheet,name_ru,name_ru_alt,name_cn,name_en,standard_hours
11170102,11. Топливная система,overrides,Диагностика неисправностей и замена топливного фильтра на стороне нагнетания,"топливный фильтр на стороне нагнетания; замена топливного фильтра тонкой очистки; топливный фильтр тонкой очистки; замена топливного фильтра тонкой очистки dongfeng",,,0.5
11250301,11. Топливная система,overrides,Диагностика неисправностей и замена фильтрующего элемента (топливного фильтра),"замена топливного фильтра сепаратора; топливный фильтр сепаратор; замена топливного элемента грубой очистки; топливный элемент грубой очистки",,,0.7
29210101,29. Подвеска,overrides,Диагностика неисправностей и замена амортизатора в сборе-передняя подвеска,"амортизатор подвески замена; замена амортизатора подвески",,,3.0
34130501,34. Рулевое управление,overrides,Диагностика неисправностей и замена узла рулевой тяги,"поперечная рулевая тяга замена; демонтаж монтаж поперечной рулевой тяги; замена поперечной рулевой тяги",,,2.1
35011011,35. Тормозная система,overrides,Диагностика неисправностей и замена тормозных колодок-передний тормоз,"замена тормозных колодок дисковые одна ось; тормозные колодки дисковые одна ось; тормозные колодки снятие установка на одном колесе",,,1.8
31030201,31. Ступица и подшипники,overrides,Диагностика неисправностей и замена подшипникового узла в ступице колеса-передняя ось,"демонтаж монтаж ступицы; замена ступичного подшипника; ступичный подшипник замена",,,2.5
37142101,37. Освещение,overrides,"Диагностика неисправностей, замена и ремонт лампы в сборе","лампа фары любая; замена ламп заднего фонаря; замена лампы заднего фонаря",,,0.2
10070101,10. Двигатель,overrides,Диагностика неисправностей и регулировка зазора клапана для замены,"проверка и регулировка клапанов; регулировка клапанов",,,2.4
50010801,50. Подвеска кабины,overrides,Диагностика неисправностей и замена узла амортизатора подушки безопасности-передняя подвеска (кабина),"50010801 диагностика неисправностей и замена узла амортизатора подушки безопасности передняя подвеска кабина",,,0.7
